id,company_id,sector,emtak,name,phone,www,email,is_active,final_url,domain,title,status_code,is_marketing
3001,1009,Reklaamiagentuurid,73111,4D PR-lahendused O√ú,+372 5525525,www.4d.ee,keiu.valge@4d.ee,True,https://www.4d.ee/,www.4d.ee,,200,False
5745,3466,Reklaamiagentuuride tegevus,73111,Andropoint O√ú,+372 58160988,www.krispvisual.com,hello@krispvisual.com,True,https://krispvisual.com/,krispvisual.com,krispvisual - visual & graphic design,200,False
9357,6886,Reklaamiagentuurid,73111,Araxes O√ú,+372 5291633,www.araxes.ee,araxes@araxes.ee,True,https://araxes.ee/,araxes.ee,Araxes e-pood | Alkoholipood | Alkohoolsed joogid,200,False
11386,8656,Reklaamiagentuurid,73111,AR Reklaam O√ú,+372 5114179,www.haanjamatkad.ee,info@haanjamatkad.ee,True,http://www.haanjamatkad.ee/,www.haanjamatkad.ee,Haanjamatkad.ee - Tutvustus,200,False
11748,8962,Reklaamiagentuurid,73111,Artega Media O√ú,+372 55552552,http://www.artega.ee,info@artega.ee,True,https://www.artega.ee/,www.artega.ee,Home - Globaalse visiooniga Eesti loovagentuur,200,True
12402,9538,Reklaamiagentuuride tegevus,73111,Art Stitch O√ú,+372 53458549,http://artstitch.eu,info.artstitch@gmail.com,True,https://sites.google.com/view/artstitch,sites.google.com,artstitch.eu,200,False
14813,11343,Reklaamiagentuuride tegevus,73111,Astrograaf O√ú,+372 5109478,https://www.astrograaf.ee/,tanel@astrograaf.ee,True,https://www.astrograaf.ee/,www.astrograaf.ee,Astrograaf - Teeme v√µimatu v√µimalikuks,200,True
14911,11425,Reklaamiagentuurid,73111,Asula O√ú,+372 5130191,https://asula.ee/,info@asula.ee,True,https://pvc-hallid.ee/,pvc-hallid.ee,"PVC-hallid, PVC-kardinad, tendid ‚Äì Asula O√ú",200,False
15555,11950,Reklaamiagentuurid,73111,ATLANTICUS O√ú,+372 5046244,www.atlanticus.ee,kaspar@atlanticus.ee,True,https://www.atlanticus.ee/,www.atlanticus.ee,Atlanticus O√ú,200,False
17407,13516,Reklaamiagentuurid,73111,AutoWrap O√ú,+372 55983547,www.autowrap.ee,info@autowrap.ee,True,https://www.autowrap.ee/,www.autowrap.ee,Esileht ‚Äì AutoWrap,200,False
20134,15884,Reklaamiagentuurid,73111,Baltic Print & Banners O√ú,+372 56577075,www.balticprint.ee,info@balticprint.ee,False,,,,0,False
21198,16787,Reklaamiagentuurid,73111,BaSolution O√ú,+372 58447352,www.bamarketing.ee,georgi.suikanen@gmail.com,False,,,,0,False
24419,19610,Reklaamiagentuurid,73111,Binaar O√ú,+372 5038753,binaar.ee,info@binaar.ee,False,,,,0,False
26081,21115,Reklaamiagentuurid,73111,BlueRoad O√ú,+358 442933434,blueroad.cc,alexandra@polyakov.org,False,,,,0,False
27644,22526,Reklaamiagentuurid,73111,Branding Kitchen O√ú,+372 51913685,www.branding.ee,ene@branding.ee,True,http://www.branding.ee/,www.branding.ee,O√É¬ú BrandAbout,200,False
27677,22554,Reklaamiagentuurid,73111,Brand-Ninja O√ú,+358 408454951,www.brand-ninja.co,pietro.karjalainen@finnsea.com,True,https://brand-ninja.co/,brand-ninja.co,Top Digital Marketing Agency Vietnam - Brand Ninja,200,True
29783,24405,Reklaamiagentuurid,73111,BY Family O√ú,+372 55530327,http://byprint.ee,info@byprint.ee,True,https://byprint.ee/,byprint.ee,Tr√ºkikoda ja tr√ºkkimine Tallinnas - ByPrint,200,True
29841,24462,Reklaamiagentuurid,73111,BY Print O√ú,+372 55530327,http://byprint.ee,info@byprint.ee,True,https://byprint.ee/,byprint.ee,Tr√ºkikoda ja tr√ºkkimine Tallinnas - ByPrint,200,True
30429,24985,Reklaamiagentuurid,73111,CANDY FACTORY O√ú,+372 58666677,http://www.bonbon.ee,info@bonbon.ee,True,https://bonbon.ee/,bonbon.ee,Bonbon.ee,200,False
32287,26633,Reklaamiagentuurid,73111,CERRYN DESIGN O√ú,+372 5110677,www.cerryndesign.com,gerry@cerryndesign.com,True,https://cerryndesign.com/,cerryndesign.com,Cerryn Design/MEIST,200,True
35296,29327,Reklaamiagentuuride tegevus,73111,Colorful World O√ú,+372 56453380,https://www.karmenlehtla.ee,karmenlehtla@gmail.com,True,https://karmenlehtla.ee/,karmenlehtla.ee,"Turundus, graafiline disain ja fotograafia",200,True
37412,31194,Reklaamiagentuurid,73111,Creative Company O√ú,+372 59177527,www.creativecompany.ee,37706280288@eesti.ee,True,https://creativecompany.ee/,creativecompany.ee,Creative Company,200,True
37741,31473,Reklaamiagentuurid,73111,Crimson red O√ú,+372 56957950,www.crimsonred.ee,info@crimsonred.ee,True,http://www.crimsonred.ee/,www.crimsonred.ee,Crimson Red | Tr√É¬ºkiagentuur,200,False
38481,32142,Reklaamiagentuurid,73111,Cup Advertising O√ú,+372 53413777,www.cupadvertising.eu,mirjam.kasevali@gmail.com,False,,,,0,False
38481,32142,Reklaamiagentuurid,73111,Cup Advertising O√ú,+372 56285270,www.cupadvertising.eu,mirjam.kasevali@gmail.com,False,,,,0,False
40604,34047,Reklaamiagentuurid,73111,DECOREST DISAIN O√ú,+372 5047587,www.decorest.ee,decorest@decorest.ee,True,https://www.decorest.ee/,www.decorest.ee,403 Forbidden,403,False
40718,34149,Reklaamiagentuurid,73111,Deep Reklaam O√ú,+372 5275368,www.deep.ee,info@deep.ee,True,http://www.deep.ee/,www.deep.ee,,200,False
40852,34269,Reklaamiagentuurid,73111,Degustatsioon O√ú,+372 53433711,http://www.degustatsioon.ee,saluri.janne@gmail.com,False,,,,0,False
40852,34269,Reklaamiagentuurid,73111,Degustatsioon O√ú,+372 53947980,http://www.degustatsioon.ee,saluri.janne@gmail.com,False,,,,0,False
42489,35712,Reklaamiagentuurid,73111,DG Evolution O√ú,+372 53470913,www.evolution.ee,tere@evolution.ee,True,http://www.evolution.ee/,www.evolution.ee,,200,False
43196,36334,Reklaamiagentuurid,73111,Digi Ronk O√ú,+372 56917046,www.digironk.ee,info@digironk.ee,True,https://www.digironk.ee/,www.digironk.ee,Web,200,False
43247,36376,Reklaamiagentuurid,73111,Digitaalne turundus O√ú,+372 55606418,https://seopartner.ee/,raidotamar@gmail.com,True,https://seopartner.ee/,seopartner.ee,,200,False
43247,36376,Reklaamiagentuurid,73111,Digitaalne turundus O√ú,+372 55606418,https://raidotamar.ee/,raidotamar@gmail.com,True,https://raidotamar.ee/,raidotamar.ee,Raido Tamar - Kogenuim SEO spetsialist Eesti turul,200,True
43978,37036,Reklaamiagentuurid,73111,Direct Copy O√ú,+33 651924291,http://www.direct-copy.com,david@direct-copy.com,False,,,,0,False
47297,40021,Reklaamiagentuurid,73111,Eastwood Advertising O√ú,+372 5184646,http://eastwood.ee,info@eastwood.ee,True,https://eastwood.ee/,eastwood.ee,"EASTWOOD Advertising - YES, WE CREATE",200,True
47297,40021,Reklaamiagentuurid,73111,Eastwood Advertising O√ú,+372 5221361,http://eastwood.ee,info@eastwood.ee,True,https://eastwood.ee/,eastwood.ee,"EASTWOOD Advertising - YES, WE CREATE",200,True
47297,40021,Reklaamiagentuurid,73111,Eastwood Advertising O√ú,+372 5270520,http://eastwood.ee,info@eastwood.ee,True,https://eastwood.ee/,eastwood.ee,"EASTWOOD Advertising - YES, WE CREATE",200,True
56369,48363,Reklaamiagentuurid,73111,Empress O√ú,+372 5065600,https://www.empress.ee,helena@empress.ee,True,https://www.empress.ee/,www.empress.ee,Empress O√ú | silmapaistev t√∂√∂andja br√§nding,200,True
64058,55188,Reklaamiagentuurid,73111,Experion O√ú,+372 5111404,https://www.experion.ee,info@experion.ee,True,https://experion.ee/,experion.ee,Welcome to RunCloud,200,False
64189,55288,Reklaamiagentuurid,73111,Export Digital O√ú,+372 56157146,www.eppcdigital.com,karl@ppc.ee,True,https://eppcdigital.com/,eppcdigital.com,ePPC ‚Äì Performance Marketing for Apps,200,True
64453,55535,Reklaamiagentuurid,73111,FAAZ O√ú,+372 56684793,www.faaz.ee,maria.laanelepp@gmail.com,True,https://www.faaz.ee/,www.faaz.ee,. ‚Äì Faaz,200,True
64570,55639,Reklaamiagentuurid,73111,Factory Advertising O√ú,+372 5229093,https://factory.ee,info@factory.ee,True,https://factory.ee/,factory.ee,factorY,200,True
66285,57159,Reklaamiagentuurid,73111,Festech O√ú,+372 5537536,www.toitlustuspartner.ee,info@toitlustuspartner.ee,True,http://www.toitlustuspartner.ee/,www.toitlustuspartner.ee,Toitlustuspartner :: Toitlustus ja Catering Tartus,200,True
71448,61729,Reklaamiagentuurid,73111,Free Wave O√ú,+372 5236720,http://www.freewave.ee,info@freewave.ee,True,https://www.freewave.ee/,www.freewave.ee,"Avaleht - Freewave.ee - M√µistlik on kulutada emotsioonidele, sest need j√§√§vad alles!",200,True
72680,62828,Reklaamiagentuurid,73111,Future Media O√ú,+372 5071300,www.futuremedia.ee,info@futuremedia.ee,True,https://www.futuremedia.ee/,www.futuremedia.ee,esileht | Future Media,200,False
74466,64473,Reklaamiagentuurid,73111,GE Healthcare Estonia O√ú,+372 5027390,www.gehealthcare.com,ZaneLiepa@gehealthcare.com,True,http://www.gehealthcare.com/,www.gehealthcare.com,Access Denied,403,False
74667,64656,Reklaamiagentuurid,73111,General Marketing O√ú,+372 55650829,www.programm.ee,info@programm.ee,True,https://programm.ee/,programm.ee,Korraldame tervise- ja rahvaspordis√ºndmuseid - Active Program,200,True
85873,75062,Reklaamiagentuurid,73111,Hello World O√ú,+372 5061993,https://www.headreisi.ee/,liis@headreisi.ee,True,https://www.headreisi.ee/,www.headreisi.ee,Head reisi! - Ideedepagas reisis√µpradele,200,False
86579,75687,Reklaamiagentuurid,73111,Heris O√ú,+372 58026523,www.heris.ee,henri@heris.ee,True,https://www.heris.ee/,www.heris.ee,"Heris O√ú | √úritused, tehnikarent ja tr√ºkised",200,True
92897,81476,Reklaamiagentuurid,73111,ICESTUDIO O√ú,+372 53471848,www.icestudio.ee,info@icestudio.ee,True,https://www.icestudio.ee/,www.icestudio.ee,icestudio,200,False
95004,83361,Reklaamiagentuurid,73111,Imagine AD O√ú,+372 53473051,www.imagine.ee,helen@imagine.ee,True,https://www.imagine.ee/,www.imagine.ee,Home - TBWA \ Imagine,200,True
95420,83741,Reklaamiagentuurid,73111,Impressive O√ú,+372 53455411,http://www.impressive.ee,karl@impressive.ee,True,http://www.impressive.ee/,www.impressive.ee,IMPRESSIVE,200,True
95839,84094,Reklaamiagentuurid,73111,Indie AD O√ú,+372 55500250,https://indiead.ee,info@indiead.ee,True,https://indiead.ee/,indiead.ee,Indie AD - Loome sisule v√§√§rilise vormi,200,True
104773,92146,Reklaamiagentuurid,73111,JM Turundus O√ú,+372 58308189,www.jmm.ee,info@jmm.ee,False,,,,0,False
105698,92981,Reklaamiagentuurid,73111,Jscom Agency O√ú,+371 28294831,https://jscom.agency/,jelena@jscom.info,True,https://jscom.agency/,jscom.agency,PR & Communications Agency,200,True
107994,95566,Reklaamiagentuurid,73111,J√§√§orav O√ú,+372 53437898,www.saarela.ee,mikk@saarela.ee,True,https://www.saarela.ee/,www.saarela.ee,Mikk Saarela koduleht,200,True
112089,99538,Reklaamiagentuurid,73111,Kapsula Agentuur O√ú,+372 58502073,kapsula.eu,kapsulaagentuur@gmail.com,True,http://kapsula.eu/,kapsula.eu,kapsula.eu,200,False
112303,99722,Reklaamiagentuurid,73111,KARET O√ú,+372 53422020,https://www.karet.ee,info@karet.ee,True,https://www.karet.ee/,www.karet.ee,Raamatupidamine online - lihtne lahendus Teie vajadustele / KARET O√ú,200,True
114622,101859,Reklaamiagentuurid,73111,KavalAntsStuudio O√ú,+372 5202335,www.kavalantsstuudio.eu,andresluidre@gmail.com,True,http://www.kavalantsstuudio.eu/,www.kavalantsstuudio.eu,Avaleht,200,False
118032,105186,Reklaamiagentuurid,73111,Kinkston O√ú,+372 56943358,http://kinkston.ee,kerly@kinkston.ee,True,https://kinkston.ee/,kinkston.ee,Parim valik √§ri-ja reklaamkingitusi | Kinkston,200,True
120120,106958,Reklaamiagentuurid,73111,Klotsirobot O√ú,+372 54555500,www.metsakosmos.ee,herkots@gmail.com,True,https://www.metsakosmos.ee/,www.metsakosmos.ee,Private Site,401,False
120569,107345,Reklaamiagentuurid,73111,KN Marketing O√ú,+372 55954544,http://www.kasparnisu.ee,kasparnisu@gmail.com,True,https://kasparnisu.ee/,kasparnisu.ee,Personaaltreener Tartus - Kaspar Nisu,200,False
123226,110246,Reklaamiagentuurid,73111,Kooperatiiv O√ú,+372 53466446,www.kooperatiiv.ee,info@kooperatiiv.ee,True,https://kooperatiiv.ee/,kooperatiiv.ee,Esileht | Janar Siniv√§li portfoolio,200,True
125191,111980,Reklaamiagentuurid,73111,Kriit Reklaamiagentuur O√ú,+372 5170670,www.kriit.ee,tellimus@kriit.ee,True,https://kriit.ee/,kriit.ee,KRIIT Reklaamiagentuur | Loovlahendused | Digiturundus,200,True
132762,118651,Reklaamiagentuurid,73111,Latson O√ú,+372 55547869,www.latson.ee,latson@latson.ee,True,http://www.latson.ee/,www.latson.ee,Kleebised,200,True
133092,118949,Reklaamiagentuurid,73111,Laur ja Lehismets O√ú,+372 5012216,www.laurid.ee,priit@laurid.ee,True,https://www.laurid.ee/,www.laurid.ee,Laurid,200,False
134041,119786,Reklaamiagentuurid,73111,Leevarex O√ú,+372 55675295,www.leevarex.ee,leevarex@leevarex.ee,True,http://leevarex.ee/,leevarex.ee,Reklaamilahendused ja v√§lireklaam Tartus | Leevarex,200,True
134321,120027,Reklaamiagentuurid,73111,Lehter O√ú,+372 53226897,https://lehter.ee/,info@lehter.ee,True,https://lehter.ee/,lehter.ee,Lehter ‚Äì Your online acquisition partner ‚Äì Your online acquisition partner,200,False
134344,120045,Reklaamiagentuurid,73111,Leht Media Center O√ú,+372 58012325,www.narvaleht.eu,firma.narva@mail.ru,True,http://www.narvaleht.eu/,www.narvaleht.eu,Narva √∞¬ü¬è¬∞ A Gateway to Estonia,200,False
136437,121903,Reklaamiagentuurid,73111,LIFESTYLES MARKETING O√ú,+372 55544555,https://lifestyles.marketing,kontakt@elustiiliturundus.ee,True,https://lifestyles.marketing/,lifestyles.marketing,‚òÖ LM - Lifestyles Marketing ‚òÖ,200,True
139056,124246,Reklaamiagentuurid,73111,LJStuudio O√ú,+372 56568681,www.liisbetjarviste.ee,liisbetjarviste@gmail.com,True,https://liisbetjarviste.ee/,liisbetjarviste.ee,Liisbet J√§rviste - Professionaalne Fotograaf | Pulma- ja Tootefotod,200,False
139414,124552,Reklaamiagentuurid,73111,LL TRADE O√ú,+372 5547147,https://llt.ee,info@llt.ee,True,https://llt.ee/,llt.ee,LL TRADE,200,False
140949,125937,Reklaamiagentuurid,73111,Lost in Web O√ú,+372 56669423,www.lost.ee,maido@maido.ee,True,https://www.lost.ee/,www.lost.ee,"Lost in Web - kasutajaliidese disain, kasutajakogemuse disain, digitoote disain",200,False
141494,126408,Reklaamiagentuurid,73111,LTV App O√ú,+372 58479325,www.ltvapp.com,tetiana@ltvapp.com,True,http://www.ltvapp.com/,www.ltvapp.com,,200,False
144284,129489,Reklaamiagentuurid,73111,Maa ja Ilm O√ú,+372 56223456,www.saunja.ee,priit@revaler.ee,True,https://www.saunja.ee/,www.saunja.ee,,200,False
150168,134922,Reklaamiagentuurid,73111,Marketing Studio O√ú,+372 58602011,www.marketingstudio.ee,info@marketingstudio.ee,False,,,,0,False
150212,134965,Reklaamiagentuurid,73111,Marketwise O√ú,+372 55527294,www.marketwise.ee,info@marketwise.ee,True,https://marketwise.ee/,marketwise.ee,Marketwise turundusagentuur | Turundusteenused,200,True
152344,136854,Reklaamiagentuurid,73111,MATVERK O√ú,+372 5106618,www.matverk.com,matverk@matverk.com,True,https://matverk.com/,matverk.com,MATVERK | the do tank,200,True
152540,137024,Reklaamiagentuurid,73111,Max Disain O√ú,+372 5088534,www.maxdisain.ee,raul@maxdisain.ee,False,,,,0,False
153865,138207,Reklaamiagentuurid,73111,MEE Esitlused O√ú,+372 5208007,www.esitlused.ee,mee@esitlused.ee,True,http://esitlused.ee/,esitlused.ee,MEE Esitlused | Tooteesitlused ja degustatsioonid,200,False
154307,138608,Reklaamiagentuurid,73111,Megapiksel Stuudio O√ú,+372 56854513,www.megapikselstuudio.ee,hannes.saard@gmail.com,True,https://www.megapikselstuudio.ee/,www.megapikselstuudio.ee,S√ºsteemne turunduspakett | Megapiksel - Megapikselstuudio,200,True
158741,142391,Reklaamiagentuurid,73111,Mihkel Ronk,+372 55649906,koosolek.ee,mihkel@koosolek.ee,True,https://koosolek.ee/,koosolek.ee,Mihkel Ronk,200,True
159414,142991,Reklaamiagentuurid,73111,Milos O√ú,+372 5215511,www.milos.ee,info@milos.ee,True,https://milos.ee/,milos.ee,"Sisuturundus, sotsiaalmeedia, Google Ads, koolitused / Milos O√ú",200,True
159414,142991,Reklaamiagentuurid,73111,Milos O√ú,+372 56672185,www.milos.ee,info@milos.ee,True,https://milos.ee/,milos.ee,"Sisuturundus, sotsiaalmeedia, Google Ads, koolitused / Milos O√ú",200,True
160390,143865,Reklaamiagentuurid,73111,Mirlex O√ú,+372 56699277,www.mirlex.ee,info@mirlex.ee,True,https://www.mirlex.ee/,www.mirlex.ee,"Erinevate kiletoodete m√º√ºk ja paigaldus ¬ª Mirlex
",200,True
160583,144036,Reklaamiagentuuride tegevus,73111,Mission Driven Marketing O√ú,+39 3896073057,https://www.missiondrivenmarketing.co,darjan@missiondrivenmarketing.co,True,https://missiondrivenmarketing.co/,missiondrivenmarketing.co,Mission Driven Marketing | Mission Driven Creative Agency,200,True
170129,153107,Reklaamiagentuurid,73111,MoliveryMedia O√ú,+372 53499072,https://molivery.com/,info@molivery.com,True,https://molivery.com/,molivery.com,Molivery - Digital Marketing Agency : Molivery,200,True
172132,154898,Reklaamiagentuurid,73111,MRH Agency O√ú,+372 53331642,https://www.mrh.ee,mrh@mrh.ee,True,https://mrh.ee/,mrh.ee,home - MRH Marketing,200,True
172132,154898,Reklaamiagentuurid,73111,MRH Agency O√ú,+372 56162622,https://www.mrh.ee,mrh@mrh.ee,True,https://mrh.ee/,mrh.ee,home - MRH Marketing,200,True
178093,160775,Reklaamiagentuurid,73111,MultiMeedium O√ú,+372 56252505,http://www.multimeedium.ee/,nelly@multimeedium.ee,True,http://multimeedium.ee/,multimeedium.ee,Esileht - Multimeedium,200,True
178149,160820,Reklaamiagentuurid,73111,Multireklaam O√ú,+372 5640408,www.multireklaam.ee,info@multireklaam.ee,True,http://www.multireklaam.ee/,www.multireklaam.ee,,200,False
183977,166275,Reklaamiagentuurid,73111,NET Partner O√ú,+372 5515809,https://itp.ee,webonpc@gmail.com,True,https://itp.ee/,itp.ee,Veebiturunduse agentuur - ITPartner - Teie digiturunduse partner,200,True
186521,168575,Reklaamiagentuurid,73111,NOPE O√ú,+372 56231321,www.nope.ee,info@nope.ee,True,https://www.nope.ee/,www.nope.ee,NOPE Creative,200,True
186521,168575,Reklaamiagentuurid,73111,NOPE O√ú,+372 56889141,www.nope.ee,info@nope.ee,True,https://www.nope.ee/,www.nope.ee,NOPE Creative,200,True
186733,168753,Reklaamiagentuurid,73111,Nord Creative O√ú,+372 58843888,http://www.nordcreative.ee,info@nordcreative.ee,True,https://www.instagram.com/nordcreativeagency/,www.instagram.com,Nord Creative (@nordcreativeagency) ‚Ä¢ Instagram photos and videos,200,False
190352,171975,Reklaamiagentuurid,73111,OakMan O√ú,+372 55573428,www.oakman.ee,info@oakman.ee,True,https://www.oakman.ee/,www.oakman.ee,Home page ‚Äì ,200,False
194187,175432,Reklaamiagentuuride tegevus,73111,Org eCommerce O√ú,+372 57704877,www.ecomdesire.com,organnes@gmail.com,True,https://ecomdesire.com/,ecomdesire.com,"
      We Scale DTC Shopify Brands to $1M+/Year‚ÄîNo High Team or Ad Costs!
 ‚Äì Ecomdesire",200,True
194840,175966,Reklaamiagentuurid,73111,osa√ºhing ABC Haldus,+372 56459188,http://www.abchaldus.ee,info@abchaldus.ee,True,https://abchaldus.ee/,abchaldus.ee,kinnisvara haldus ja hooldus Tallinnas,200,False
195034,176107,Reklaamiagentuurid,73111,Osa√ºhing ADLAB,+372 53545359,adlab.ee,info@adlab.ee,True,https://adlab.ee/,adlab.ee,ADLAB O√ú - –∞–≥–µ–Ω—Ç—Å—Ç–≤–æ –ø–æ –ø—Ä–æ–¥–≤–∏–∂–µ–Ω–∏—é –≤ Google,200,False
196931,177491,Reklaamiagentuurid,73111,Osa√ºhing Arta Reklaam,+372 56657577,https://artareklaam.ee/,arta@artareklaam.ee,True,https://artareklaam.ee/,artareklaam.ee,ARTA REKLAAM O√ú | ARTA REKLAAM,200,True
197732,178059,Reklaamiagentuurid,73111,Osa√ºhing AW Neoon,+372 5042813,www.awsigns.eu,ulvi@awsigns.eu,True,https://www.awsigns.eu/et,www.awsigns.eu,Valgusreklaam - tootmine ja paigaldus | AW Signs,200,True
197936,178212,Reklaamiagentuurid,73111,Osa√ºhing Baltinfo Online,+372 5017512,www.baltinfo.ee,info@baltinfo.ee,True,https://www.baltinfo.ee/,www.baltinfo.ee,,200,False
198529,178666,Reklaamiagentuurid,73111,osa√ºhing Boss Trading,+372 53454314,https://www.looduskaup.ee,info@looduskaup.ee,True,https://www.looduskaup.ee/,www.looduskaup.ee,Kodu - Looduskaup.ee,200,False
198529,178666,Reklaamiagentuurid,73111,osa√ºhing Boss Trading,+372 53454314,https://www.stockholmorganic.com,info@looduskaup.ee,True,https://stockholmorganic.com/,stockholmorganic.com,Home - Stockholm Organic,200,False
198529,178666,Reklaamiagentuurid,73111,osa√ºhing Boss Trading,+372 53454314,https://www.dreamweed.ee,info@looduskaup.ee,True,https://dreamweed.ee/,dreamweed.ee,Home - DreamWeed,200,False
199894,179641,Reklaamiagentuurid,73111,Osa√ºhing Digipost,+372 5240065,www.digipost.eu,8register@digipost.eu,True,https://www.digipost.eu/,www.digipost.eu,Digipost,200,True
200751,180276,Reklaamiagentuurid,73111,osa√ºhing Eleron Reklaam,+372 53413461,www.eleron.ee,reet@eleron.ee,True,http://www.eleron.ee/,www.eleron.ee,Tere tulemast! - Welcome! | Veebimajutus.ee,200,False
203466,182256,Reklaamiagentuurid,73111,Osa√ºhing GREMYLUX,+372 55566660,www.gremylux.ee,pavel@gremylux.ee,True,https://gremylux.ee/,gremylux.ee,Your Process Adviser,200,False
204190,182732,Reklaamiagentuurid,73111,Osa√ºhing Helpir,+372 56605860,www.turundustugi.ee,piret@turundustugi.ee,True,https://www.turundustugi.ee/,www.turundustugi.ee,"Turundustugi / O√ú HelpiR - turundus-, reklaami-, disainiteenused, s√ºndmuste korraldamine, tekstide kirjutamine, raamatute v√§lja andmine",200,True
207067,184795,Reklaamiagentuurid,73111,Osa√ºhing KIRJASTUS MUUSIKA,+372 5028112,http://www.kirjastusmuusika.ee,info@kirjastusmuusika.ee,True,http://www.kirjastusmuusika.ee/,www.kirjastusmuusika.ee,Matkaauto,200,False
208130,185521,Reklaamiagentuurid,73111,Osa√ºhing Kuukulgur Film,+372 5211160,http://www.kuukulgur.ee,priit@kuukulgur.ee,True,https://www.kuukulgur.ee/,www.kuukulgur.ee,Moonwalker Film | Production Service | Estonia,200,True
208823,186011,Reklaamiagentuurid,73111,osa√ºhing Leis-Disain,+372 56463466,www.leis-disain.ee,katrin@leis-disain.ee,True,http://www.leis-disain.ee/,www.leis-disain.ee,403 Forbidden,403,False
209372,186423,Reklaamiagentuurid,73111,Osa√ºhing Logotrade,+372 5251155,www.logo.ee,anti@logo.ee,True,https://www.logo.ee/et,www.logo.ee,  Reklaamkingitused - √Ñrikingitused - Firmakingitused | Logotrade,200,True
210225,187041,Reklaamiagentuuride tegevus,73111,osa√ºhing Markii,+372 5017676,www.karaoke.ee,info@airfun.ee,True,https://ee.madboy-audio.com/,ee.madboy-audio.com,Premium karaoke masinad ja karaoke laulud | MadBoy Premium Karaoke Systems | Webshop,200,False
210225,187041,Reklaamiagentuuride tegevus,73111,osa√ºhing Markii,+372 5017676,www.airfun.ee,info@airfun.ee,True,http://www.airfun.ee/,www.airfun.ee,Airfun,200,False
215623,190844,Reklaamiagentuurid,73111,osa√ºhing REDA REKLAAM,+372 5177119,https://www.reda.ee,info@reda.ee,True,https://www.reda.ee/,www.reda.ee,Reda Reklaam O√ú - Reklaammaterjalid ja √§rikingitused L√§√§nemaal,200,True
215770,190953,Reklaamiagentuurid,73111,OSA√úHING REINU REKLAAMIB√úROO,+372 5019400,www.rrb.ee,rrb@rrb.ee,True,http://www.rrb.ee/,www.rrb.ee,Reinu Reklaamib√ºroo,200,True
216364,191387,Reklaamiagentuurid,73111,Osa√ºhing Ring Ajas,+372 56461712,www.ringajas.ee,info@ringajas.ee,True,https://ringajas.ee/,ringajas.ee,Ring Ajas ‚Äì reklaamifirma,200,True
216364,191387,Reklaamiagentuurid,73111,Osa√ºhing Ring Ajas,+372 56461714,www.ringajas.ee,info@ringajas.ee,True,https://ringajas.ee/,ringajas.ee,Ring Ajas ‚Äì reklaamifirma,200,True
221369,194969,Reklaamiagentuurid,73111,Osa√ºhing Tserling,+372 5515976,http://www.veerevkonn.ee,info@veerevkonn.ee,True,https://www.veerevkonn.ee/,www.veerevkonn.ee,Veerev konn,200,True
221448,195027,Reklaamiagentuurid,73111,Osa√ºhing Tulevikudisain,+327 5020793,www.tulevikudisain.ee,william@counselling.ee,True,http://www.tulevikudisain.ee/,www.tulevikudisain.ee,Free Info Products for Tourists in Tallinn | Future Designs | Future Designs,200,False
221504,195070,Reklaamiagentuurid,73111,Osa√ºhing Turunduskontor,+372 5028692,www.workman.ee,raavo@workman.ee,True,http://www.workman.ee/,www.workman.ee,403 Forbidden,403,False
224896,197634,Reklaamiagentuurid,73111,Ourpower O√ú,+372 53411555,http://www.powerful-marketers.com,riho@powerful-marketers.com,True,https://powerful-marketers.com/,powerful-marketers.com,Powerful Marketers,200,True
226550,199009,Reklaamiagentuurid,73111,O√ú AL Media Solutions,+372 56679909,http://www.almedia.ee,laas.valkonen@gmail.com,True,https://almedia.ee/et/esileht/,almedia.ee,Koduleht uueneb ‚Äì AL Media Solutions,200,True
227548,199802,Reklaamiagentuurid,73111,O√ú ARLE Reklaam,+372 56214798,www.arle.ee,arle@arle.ee,True,https://www.arle.ee/,www.arle.ee,Reklaamiagentuur | Arle Reklaam O√ú | Estonia,200,True
228390,200444,Reklaamiagentuurid,73111,O√ú Avart,+372 53331203,www.avart.ee,info@avart.ee,True,https://www.avart.ee/,www.avart.ee,Avart,200,False
231566,203023,Reklaamiagentuurid,73111,O√ú DUO INVEST,+372 5134591,www.triobuss.ee,info@triobuss.ee,True,https://www.triobuss.ee/,www.triobuss.ee,Trio Buss reisijateveod - Sinu bussipartner Tartus,200,False
231566,203023,Reklaamiagentuurid,73111,O√ú DUO INVEST,+372 53802082,www.triobuss.ee,info@triobuss.ee,True,https://www.triobuss.ee/,www.triobuss.ee,Trio Buss reisijateveod - Sinu bussipartner Tartus,200,False
231566,203023,Reklaamiagentuurid,73111,O√ú DUO INVEST,+372 58550015,www.triobuss.ee,info@triobuss.ee,True,https://www.triobuss.ee/,www.triobuss.ee,Trio Buss reisijateveod - Sinu bussipartner Tartus,200,False
234027,205026,Reklaamiagentuurid,73111,O√ú Flash AD,+372 5513693,flash.ee,peeter@flash.ee,True,https://www.flash.ee/,www.flash.ee,Flash AD - reklaam ja turundus,200,True
235923,206558,Reklaamiagentuurid,73111,O√ú Hedonly,+372 56980917,https://hedonly.ee/,info@hedonly.ee,True,https://hedonly.ee/,hedonly.ee,Hedonly ‚Äì Digital Marketing Services,200,True
237432,207754,Reklaamiagentuurid,73111,O√ú IN NOMINE,+372 5028705,www.innomine.ee,info@innomine.ee,True,https://innomine.ee/,innomine.ee,Avaleht - In Nomine,200,False
241105,210702,Reklaamiagentuurid,73111,O√ú Kraater,+372 53007697,kraater.com,lennart.rikk@gmail.com,True,https://kraater.com/,kraater.com,Kraater,200,False
241105,210702,Reklaamiagentuurid,73111,O√ú Kraater,+372 53007697,kraater.ee,lennart.rikk@gmail.com,True,https://kraater.ee/,kraater.ee,Kraater,200,False
245912,214480,Reklaamiagentuurid,73111,O√ú MERMEEDIA,+372 5083248,www.mermeedia.ee,ivo.merioja@mermeedia.ee,True,https://mermeedia.ee/,mermeedia.ee,"Mermeedia - reklaami m√º√ºk Saaremaal, sadamates ja praamidel",200,True
249213,217068,Reklaamiagentuurid,73111,O√ú OOPS EE,+372 58666677,http://www.oops.ee,janek@oops.ee,True,https://oops.ee/,oops.ee,"oops.ee - Web Development, Design, SEO, Hosting - Tallinn, Estonia",200,True
252884,219951,Reklaamiagentuurid,73111,O√ú Reklaam ja Disain,+372 5093317,https://www.rdisain.ee,ville@rdisain.ee,True,https://rdisain.ee/,rdisain.ee,"Avaleht - Reklaam & Disain (kleebised, reklaamtooted, sildid, disain)",200,True
252884,219951,Reklaamiagentuurid,73111,O√ú Reklaam ja Disain,+372 53445020,https://www.rdisain.ee,ville@rdisain.ee,True,https://rdisain.ee/,rdisain.ee,"Avaleht - Reklaam & Disain (kleebised, reklaamtooted, sildid, disain)",200,True
254332,221102,Reklaamiagentuurid,73111,O√ú S18 Group,+372 51933611,https://s18games.com/,info@s18games.com,True,https://s18games.com/,s18games.com,S18 GAMES,200,False
256130,222532,Reklaamiagentuurid,73111,O√ú SmileMotion,+372 56677695,www.motion.ee,ronald@motion.ee,True,http://www.motion.ee/,www.motion.ee,Page Not Found,200,False
264003,228854,Reklaamiagentuurid,73111,PACKiT O√ú,+372 58588858,www.packit.ee,info@packit.ee,False,,,,0,False
264870,229723,Reklaamiagentuurid,73111,Palgakalkulaator O√ú,+372 56080500,https://automakskalkulaator.ee/,tarmecotrade@gmail.com,True,https://automakskalkulaator.ee/,automakskalkulaator.ee,Uus automaksu kalkulaator 2025 reg numbri j√§rgi,200,False
264870,229723,Reklaamiagentuurid,73111,Palgakalkulaator O√ú,+372 56699644,https://automakskalkulaator.ee/,tarmecotrade@gmail.com,True,https://automakskalkulaator.ee/,automakskalkulaator.ee,Uus automaksu kalkulaator 2025 reg numbri j√§rgi,200,False
264870,229723,Reklaamiagentuurid,73111,Palgakalkulaator O√ú,+372 56080500,https://palgakalkulaator2025.ee/,tarmecotrade@gmail.com,True,https://palgakalkulaator2025.ee/,palgakalkulaator2025.ee,Palgakalkulaator 2025: Arvuta palk ja maksud,200,False
264870,229723,Reklaamiagentuurid,73111,Palgakalkulaator O√ú,+372 56699644,https://palgakalkulaator2025.ee/,tarmecotrade@gmail.com,True,https://palgakalkulaator2025.ee/,palgakalkulaator2025.ee,Palgakalkulaator 2025: Arvuta palk ja maksud,200,False
266205,230871,Reklaamiagentuurid,73111,Passion O√ú,+372 5106052,www.passion.ee,aare@passion.ee,True,https://www.passion.ee/,www.passion.ee,Home,200,False
270760,234987,Reklaamiagentuurid,73111,Pix O√ú,+372 53404283,https://pix.ee,info@pix.ee,True,https://pix.ee/,pix.ee,Kodulehe tegemine - Optimeeritud ja l√§bim√µeldud veebilehed,200,True
271452,235596,Reklaamiagentuurid,73111,Pliiats ja Print O√ú,+372 55682671,pliiatsjaprint.ee,info@pliiatsjaprint.ee,True,https://pliiatsjaprint.ee/,pliiatsjaprint.ee,"Reklaamkingitused, √§rikingitused, meened | Pliiats ja Print",200,True
271922,236006,Reklaamiagentuurid,73111,Pohl O√ú,+372 53417605,www.pohl.ee,info@pohl.ee,True,https://www.facebook.com/pohldisain/,www.facebook.com,Pohl | Tallinn ,200,False
272689,236674,Reklaamiagentuuride tegevus,73111,Portofino Marketing Agency O√ú,+1 6205092588,https://www.portofinomarketing.com/#/,portofinomarketingagency60@gmail.com,True,http://www.portofinomarketing.biz/#/,www.portofinomarketing.biz,404 - Page Not Found,404,False
273646,237505,Reklaamiagentuurid,73111,Presenter O√ú,+372 56213835,www.presenter.ee,rando@presenter.ee,True,https://www.presenter.ee/,www.presenter.ee,Presenter - Home for your business,200,False
273689,237541,Reklaamiagentuurid,73111,Prestige Worldwide O√ú,+372 5293970,www.pww.ee,info@pww.ee,True,https://www.pww.ee/,www.pww.ee,Prestige Worldwide O√ú,200,False
276380,239898,Reklaamiagentuuride tegevus,73111,Proua Teisip√§ev O√ú,+372 53312567,https://www.prouateisipaev.ee,prouateisipaev@gmail.com,True,https://www.prouateisipaev.ee/,www.prouateisipaev.ee,,404,False
277746,241100,Reklaamiagentuuride tegevus,73111,PurpleSky O√ú,+372 58854556,purplesky.pro,nikita.vesselov@gmail.com,True,https://purplesky.pro/,purplesky.pro,PurpleSky ‚Äì Media Buying Agency,200,False
282746,247448,Reklaamiagentuurid,73111,Raismanna O√ú,+372 56901868,https://www.raismanna.ee,marie.metsaru@gmail.com,True,https://www.raismanna.ee/,www.raismanna.ee,Digikujundamine | Raismanna ,200,False
283153,247816,Reklaamiagentuurid,73111,RAKETT O√ú,+372 56223456,https://www.rakett.org/,priit@rakett.org,True,https://www.rakett.org/,www.rakett.org,Rakett,200,True
287968,252425,Reklaamiagentuurid,73111,Reklaamiagentuur Briif O√ú,+372 5018412,www.briif.ee,reijo@direct.ee,True,http://www.briif.ee/,www.briif.ee,BRIIF,200,True
287987,252441,Reklaamiagentuurid,73111,Reklaamistuudio FMS O√ú,+372 56633939,www.fms.ee,info@fms.ee,True,https://www.fms.ee/,www.fms.ee,Avaleht | Reklaamistuudio FMS | reklaamkingitused | firmakingitused | √§rikingitused | imagotooted,200,True
289419,253677,Reklaamiagentuurid,73111,Republic of Arts O√ú,+372 56499325,www.republicofarts.com,madis@republicofarts.com,True,https://republicofarts.com/,republicofarts.com,Republic of Arts,200,False
290818,254888,Reklaamiagentuurid,73111,RichConsulting O√ú,+372 55551629,http://www.richconsulting.ee,richard@richconsulting.ee,True,http://www.richconsulting.ee/,www.richconsulting.ee,,200,False
293456,257175,Reklaamiagentuurid,73111,Rodeverk O√ú,+372 5531976,www.rodeverk.eu,rodion@rodeverk.eu,True,http://rodeverk.eu/,rodeverk.eu,Rodeverk O√ú ,200,True
302253,265994,Reklaamiagentuurid,73111,Solutio O√ú,+372 5259340,www.solutio.ee,sven-erik@solutio.ee,True,http://www.solutio.ee/,www.solutio.ee,Our website is coming soon,200,False
303741,267302,Reklaamiagentuurid,73111,Spetsy Marketing O√ú,+372 5126758,https://spetsymarketing.com,support@spetsymarketing.com,True,https://spetsymarketing.com/,spetsymarketing.com,"Spetsy Marketing | Turundus, veebilahendused",200,True
303741,267302,Reklaamiagentuurid,73111,Spetsy Marketing O√ú,+372 53422798,https://spetsymarketing.com,support@spetsymarketing.com,True,https://spetsymarketing.com/,spetsymarketing.com,"Spetsy Marketing | Turundus, veebilahendused",200,True
303741,267302,Reklaamiagentuurid,73111,Spetsy Marketing O√ú,+372 56674705,https://spetsymarketing.com,support@spetsymarketing.com,True,https://spetsymarketing.com/,spetsymarketing.com,"Spetsy Marketing | Turundus, veebilahendused",200,True
305778,269154,Reklaamiagentuuride tegevus,73111,Startree O√ú,+372 58121299,www.startreedigital.com,info@startreedigital.com,True,https://startreedigital.com/,startreedigital.com,Startree ‚Äî –ê–≥–µ–Ω—Ç—Å—Ç–≤–æ —Ü–∏—Ñ—Ä–æ–≤–æ–≥–æ –º–∞—Ä–∫–µ—Ç–∏–Ω–≥–∞,200,False
306437,269733,Reklaamiagentuurid,73111,Stereo Meedia O√ú,+372 5016914,www.stereomeedia.ee,mart@stereomeedia.ee,True,https://www.stereomeedia.ee/,www.stereomeedia.ee,"Avaleht - Lipud, Rannalipud, Digiprint, Pop-UP telgid",200,True
306437,269733,Reklaamiagentuurid,73111,Stereo Meedia O√ú,+372 5089558,www.stereomeedia.ee,mart@stereomeedia.ee,True,https://www.stereomeedia.ee/,www.stereomeedia.ee,"Avaleht - Lipud, Rannalipud, Digiprint, Pop-UP telgid",200,True
307706,270851,Reklaamiagentuurid,73111,Stuffer Design O√ú,+372 5105106,www.stuffer.ee,info@stuffer.ee,True,https://www.stuffer.ee/,www.stuffer.ee,,404,False
311841,274537,Reklaamiagentuurid,73111,"Zentiva Group, a.s. Eesti filiaal",+372 5014487,https://www.zentiva.cz/,sven.mallo@zentiva.com,True,https://www.zentiva.cz/,www.zentiva.cz,Homepage - Zentiva.cz,200,False
312741,275355,Reklaamiagentuurid,73111,Tabasco O√ú,+372 56663344,www.tabasco.ee,indrek@tabasco.ee,True,http://www.tabasco.ee/,www.tabasco.ee,403 Forbidden,403,False
318196,282586,Reklaamiagentuurid,73111,TDA O√ú,+54 91154903833,https://www.tangodigitalagency.com,contact@tangodigitalagency.com,True,https://www.tangodigitalagency.com/,www.tangodigitalagency.com, Tango,200,True
321194,285235,Reklaamiagentuurid,73111,TK Diamante O√ú,+372 56676347,www.diamante.ee,diamante@diamante.ee,False,,,,0,False
325182,288980,Reklaamiagentuurid,73111,TT PROMO O√ú,+372 59190609,https://promott.ee,tristurk@gmail.com,False,,,,0,False
326321,289917,Reklaamiagentuurid,73111,Turundusjuhtimine.ee O√ú,+372 58847555,www.turundusjuhtimine.ee,katrin@turundusjuhtimine.ee,True,https://turundusjuhtimine.ee/,turundusjuhtimine.ee,Turundusjuhtimine,200,True
330441,293798,Reklaamiagentuurid,73111,UNIVERSAL UNION O√ú,+372 56708052,salut.ee,salut@salut.ee,True,https://unun.ee,unun.ee,Universal Union. Veebiteenused ja reklaamib√ºroo Eestis,200,True
330932,294249,Reklaamiagentuurid,73111,Upup service O√ú,+372 53492768,https://upupservice.com/,Nikita.Baikov@gmail.com,True,https://upupservice.com/,upupservice.com,Upup Service - International Digital Marketing Agency,200,True
336785,299722,Reklaamiagentuurid,73111,Veebiturundus O√ú,+372 56835188,https://www.veebiturundus.com,mandmaris@gmail.com,False,,,,0,False
344223,307383,Reklaamiagentuurid,73111,VMV Marketing O√ú,+372 53472768,https://webreklaam.ee/,webmarketingee@gmail.com,True,https://webreklaam.ee/,webreklaam.ee,"Webreklaam - Reklaam Google, Facebook, Instagram ja Telegram | T√µhus Internetiturundus Eestis",200,True
344651,307759,Reklaamiagentuurid,73111,Vondel Marketing O√ú,+372 58386775,vondelmarketing.com,info@ansonbaer.com,True,https://vondelmarketing.com/,vondelmarketing.com,Vondel,200,True
347071,310379,Reklaamiagentuurid,73111,Walgus Media O√ú,+372 5212426,www.walgus.ee,info@walgus.ee,True,https://www.walgus.ee/,www.walgus.ee,Walgus,200,True
347839,311068,Reklaamiagentuurid,73111,Web&Mobile O√ú,+372 58275312,https://wmob.eu,wmob@wmob.eu,True,https://wmob.eu/,wmob.eu,WEB&MOBILE O√ú ¬ª Virtual Digital Agency ü•á,200,True
348268,311447,Reklaamiagentuurid,73111,Wellmedia O√ú,+372 5083248,www.wellmedia.ee,info@wellmedia.ee,False,,,,0,False
349085,312164,Reklaamiagentuurid,73111,WideWise O√ú,+372 59055956,WideWise.ee,info@widewise.ee,True,https://widewise.ee/,widewise.ee,WideWise,200,True
